{"file_hashes":[{"block_hashes":["BrvrF9WK937Y63jGNOPznvOpoXmdm+tSVtHq+1TY4XQ="],"block_size":4096,"path":"additional-feature.html"},{"block_hashes":["SOcwDVveuB8uRGqDki6cr6d/ZkgwXuDGlVWdjXJH52I="],"block_size":4096,"path":"background.html"},{"block_hashes":["oPrg2WeZavry7VvQVQg1h9gq81HoT1PdW8dkS/eNhlQ=","Py0E97a/nK7WTz25Ck9qWzpnTqvE5NzsqPNNs1Uyin8=","wmgZxUTNBbW25hUoqFpb/k6621itWIx50157JQADkCk=","CNZ6UCYuiNE5l3+bpGiXUlHVUC1e83/1e4q/hdzjNFI=","zVJbdAE5L4k3kGPCADAnaQAEtihQUqbcmMNKlB5ECwI=","vphmBfjw0DN4Gn4CR6ylNWQhgV5Rpg7fUlHSkG/wnpc=","gaQmfdKSaA4k8Jo84IEs3s+7aIAkomJ1uhCI9DrrkVk=","VwD8S+s1hv3l769M3E9S4jfmPy4NfrFR8C7odfKI8T8=","3yIGinSH3ZNaF8FnN9Bp5w2itOdPjWPh37R0MRVhhg4=","rPJsqH/oMybJORNWjKqqoGdTnx+ZPlq2RyGvQnpLjH8=","EpCCFOxMyaVcf0ORz71Lp/PQfM9Ql6BjwFqKbV+kDvo=","oK8VNaOgH4qhDwpyXnAUx/uiEnChvfFFvdTYPXA8zwA=","zpoRmpPlC350u4pzJUSMTTnSjxJl5OYGSVFk0/T5RF4=","/0w9VVO5icHgdcVV0MceyLlANirUZbd2o2MNV+c9Mcs=","0NCkoH2F9rgW67lR7sSr9sPaSSOYdowOmcATSR5LEGM=","4Xc/KK7i7hmzLbahpB/5C6Lbz1AJDnrOkGx9rQycoDw=","T4oqilM8d5hH3SZ7jJBGXcm0sszGF0xARFWAIPghTyE=","WtZO1iLeuttq/3mk3vsNzV6KUWZlZJP5xwheOfzVmGc=","4rST/2yaFGonBGId84sYZOkifggI+heVZZt2GV0dTO8=","eQRwfSbZpiX9M556jgpDeAYmO4rnSezoxMfTVIPcKR0=","C6hnHTFSWW2EKT0HVxSzy6inhxXNPnfdSy9CJ8ZIFhY=","fznjefIcu1BsCzxjGUgu6ol3/bCCT8KriHTVXSmVEvc=","WtmTVEoX+eOWuBmbmoZ7wHb9qk9J2hhkWlsaHcFlj+o=","Tk8rBaXzCfzTCqUK/HXMo7tv8mAVwlRE8VAYsu2Xj/4=","bjunJQz5AlYEd2cN4JffMf7aInV6G471aUAZFwv6994=","O2a4FedpD0tE71tfj7VGHxnyL/XdS4z//cqwm+IrAYY=","po7+guuARMkvxlH87WF7bIchKNGugMLIatNrJHoabfo=","OSn/LgUfxDvDsmORBgaNCJJGNzlMUaoP6gQJGCQxOm8="],"block_size":4096,"path":"diigo-image-annotator.min.js"},{"block_hashes":["fcSA0rBoy4a292CUtKziMH4t3FIfNzx2Nm25ftadOzo=","ggRLLqaTeHSdxZHVaB9Y32ygRH4nzT5Nmgc8D6ZJnug=","+dMjS5p7LUD07dBLwAp14IiatSNkK5P9VFiYnw4xFpI=","lr8DA1WCxfRdJmPSU4ECj/rJyE1wn6rDgJ4Kt8UjHGk=","+TLRqIPkpr2p3kIu3tSltIQS+6KvH4S3ot4/tC7C3OY=","QtVhuB24eTE3Iywm8E4TKi7JE7QNkE9rpmPGjVopIX8="],"block_size":4096,"path":"edit.html"},{"block_hashes":["vuzldR9ZjS11ZrZC8myLOp3V4Us+6N1W87qgSURFWHM=","MObdjYBXkaXquOrZWNwZKW8a3L7c68e5ung6P/bEYSM=","D0f2//JV+rYHKVqOG05yGzzpI4uCAFUL2tFFM9BscOc=","Nkx9TXyXSspfo1171ohPpCyP/LYJ/giBU6cqYeEn0p4=","fUnW7SOGz3Qlz4Rpwlwj9oil54E/Y/fY8ppypkhMDfE="],"block_size":4096,"path":"editor-fonts/anton.woff"},{"block_hashes":["lgD5SBSYE05GpuKgdYIwKhQxZe4qjbAVFN0342ZCf0k=","JBi1hJfjb9OLhxTzc3t3W7szs8rSltjjORxrRaxFxyU=","HHTNmcpR0HDD9+QmSbVcPtzLuEdVd14+CS9lSwJZizM=","mZG74e0b/p1/uTsA8NDBCeHSC5kVMgSDVyz5/TnYM+g="],"block_size":4096,"path":"editor-fonts/changeaone.woff"},{"block_hashes":["VRhDdSqV95ZHvEqjtvQoVq5Pic/ewwqpY23/4CsZ9y0=","LQ12ua6PYcCbRUZQgFbd5abzjTX1DgIZoqsa71CwGXs=","957LMR6uXnN9E/4RU6LWFdHSheijpfa4Uw4frEoaSko=","f5EvvdTw9mBFiwrINopIYbEVy96tEADwJCeGsjfpCJ0=","jrlCXID9OlnAP/o5mSpbkd3kAwJua8zJIhAHuxoceKA=","x3d1HzVsXbIMo+kX1JBSVgfNuQD9EQJVz6pdQxDpCdA="],"block_size":4096,"path":"editor-fonts/chewy.woff"},{"block_hashes":["00qKSu4EfCvGnHa5UVztXotlLI1LAeKMP2vwJY0FGS4=","Ym2Bua4S9UJPtCnPIndcd0wvintp/DT5sIq5Zv3++nM=","FRVCft8/ik1onnLZq/Aq7yDKrul3pC+LzijQruLnoJE=","P2hCltIb5eW8pgk62FHBZX4mh+pX8nGlJNVvrQWU37Y=","bCjDIbccB012E2cy/wtpniXUOg7kGe+mgyk0gI5Z7lo=","mSqGeJy9GSoCzgsE1CyjuE4TO/mycrlTrj7JraUCe4c=","IIfnx3+r3rerdnmOLj7wwVyLyb0O7wrJtIG6cfpXAqU=","7UJ8vjLTQYL+KyCDib68TPFNI77ffRxmUVRC3ao6TXY=","ru/r5qpXan8IXXEaYfUo9nHEJ9N6fYYFVz/6j3RKm8s="],"block_size":4096,"path":"editor-fonts/craftygirls.woff"},{"block_hashes":["kWRrJyo5byEEqAa4B4vBXWvUZtFbmgR0Gh0/wOzCymQ=","oZ6V9+wzjFYWK4JLjDaA/qV/ulXHlcBqAfJyl9Q/u7M=","Hdx8UT6JeBPSX0vqND3Vvas/s5q9otVjyfxjarVt9+c=","4WYq3zLaQJIOtDmxqGtNqcFghu/+/7JcX5KjBJ+bRuA=","KKvfsiElI+Kv6RfzLybTTPpzWSCA0UMv1VVaQIJ22ss=","k5jkr/e/uUxjWuE0JDOGJSLdu1GIPyMJSGtWxZWBtzY=","By2CTH5AxaJbo/0YZKRKAhLL71tAOBqa8XoFSXxGCow=","iaAHpVXh4IsHw2S+73cq6w9TNWW26hHvJiTec9ihbIM=","wtfpsa8UEEx6kqMBCTFAtWWZ17uJ1rBr7kEwDWg4A00=","jYgHhrtZBC01uIOQTQcIlp7Ac+OSvUAAilGh6YqoIRg="],"block_size":4096,"path":"editor-fonts/dancing.woff"},{"block_hashes":["cMBN9xjDAX1PkyVkrnr4HhmDkTuy8Letf1oYfHNDXKo=","h1RAOo5QHhvNzAKdCk2JU/GSS7bn3+x0GCZrpk9I1K0=","9F+oBs2sSD74ZJNEF9t5SOEMj9+5oDjSwoSRQRX+vmI=","Fseb1LJSKeb4iZ+Amqe5Sad1IUnL9kTICJh6faXlzvU=","nJyiTKQu7dOhj/3XFk7W9nHm3svACieV5u+MUuLvS14=","yuzbHQAY/G4YRoCEFdzAmlLZOdoAobFUTt2Puye5UzY=","sKHROgFyUP4eXOpeWrhdE7em4T8/U0Ibjju83L/W8/k=","lG5bY6ikhwaAAs8Rhp/yHqCVfGdDjS4t7zmwFv82IH4=","uk4z0UuoosNBq8+4Ep/H2WDaEsnCVMfrFr2Cmx9mqYY=","NBj3pf/+hVxdR3HSL7043I9OOCIyrxO4MWAxaQ2LWO8=","AtZWFyGkNsodSI11VcHeYuvs5ZEYoYNTkRdCalFdDQQ=","qFH0pzSYTAOP0cSss+fGvRBOPFxUaE4MuTp1r3jlFqM=","JRTfgLvOua54ES7Zn/061hPhOWI1Kns+TpX2wmGsJ/o=","vPPv3ZmGvnyHvCsW0AO8EdeJ6Oglg7kzbR9R5G6GAlI=","3yTESBlBIittsFAaFAh5nuDIzy0/3mcz5fXKBIh/Guc=","mlDZ8hujFvb5f0z0K1Fz7vyFExgrKEv1RijMrlh69Zk=","Vv/TCVQIOq0AmhfyWOx0W7gvfKcuvXvS+vakGVcekEA=","tffJQAM1tB7zR7rwGGW62yyQopK2tjQbWmiIOkxH8hM=","rur1PsFIrPCvsBfHW3ajeI3xQAuG85e8/sOLjOx7hNk=","K2f9NlQpqfWmQIE/TdV2+m3OcEKNtT0TYoZhy8BjNnI=","sF1Sv5QUyxpUEKcS/SaR47kHzICEi33mKF2v4Gnsf3A=","xB0CfPPG8/1Dp9ocPt1J65G0Yo5PuJ+3s6L5uTbb9xs=","3MjuizWoaou/l66FWe0V29PGEOLiGoJ4Hqjv8U1wo5o=","WUI32KzM6c3FHKZJQoqn0RSDShm1394koXKFWM/tfE0=","CfOTBGr3KdYvyZ06jfSp0shtztsZA8iq9m0Q/46iE7U=","eTLKODzQA5RF+9qPLYiZaUtKEbLnY1aGxW8t/dGaZoc=","aKGL/a8VVcE9S1Pdr301i5oKEOuJKnyVG1rcl9dW7kU=","zzO9nkToMehJU+JT03/oX9hXNBEHgMozsdT8uAATmLo="],"block_size":4096,"path":"editor-fonts/frijole.woff"},{"block_hashes":["7dNjGJewf7S68Y/t4DrAYiQyCfglS1pHOwVK1GZ/r8E=","TEWvcI3nPCJsHB0Cp5ZMJuqdmBjGigG8o+T/MdfPDVk=","9w5JEBBTgyC4b4vKMZBm0meCo3fKv9XGryzqkqE7uNU=","OtX8IYJGHY82zzCEAKG2ZnOh4YQhiFlHDX10nuRuXOk=","Ff0IKpKGynV6Z05kn5sKE3O4ZSUlyitPQnlZq1h86s4=","jV2pQKX9gUJZ0XDTeviqHzjEzaw86hMrdcc/j6C6aX4=","hzrsbmf8GpszZCla4RhksL3u9YDI/Q1ji9D4DtppmN4=","dsVuZ5jtv4TYCu0BH+x4rf12LgW+ang9Ss0a2XQfw3Q=","pfX7Djpry1JS0kPGLs1DdYB6U9YyXPmnOEj/sOMGzkc=","zRuIP3PwwdDbGe/9V4mjEm6HbP/Op8oaIK+YdGKGUyg=","7uACHaMQx4/DijMt4yRnrKeEUDWaOVO2On2jKH44e1w=","VqDRhvZfZ0RtzKFFMPboxc4bOgVR718IjrgVRykg2qs=","FwYgV2OKerN/e793XBNby47rNlIUqHnZqpCxgRtJwco=","rfqYs5OpWrdF5yP/1kbSVa7xB+fauMappIvgQo2mlTg=","rdLhAPjkHUKLykWMbH22c/AI2Nhg48KIBVAXa1WnQZQ=","ZoSsCcHuhPzdw45E4ArEB2YDuBSjB9Xb7v1FQ5AYUW4=","FRKh8lrZyIYcY9DTf/8K/o/ngMOGk8x/uTv/IqGoXTo=","GAPXfJ9cXcKYR/tSOH9yD1gPlsf+pxLG5WtKTebBAAU=","qDwnWoRImt6fy3pGWCcLQzFE8V8I/icTvgr36y1yzqo=","nxmzyGti5wxDkmQS0IkJu/L89IRfOZ5AFlQ4MDL3qww=","D4RTDa96RKGwHEnCl/hB6VGwRKHX35Hvca/wZN+4/fE="],"block_size":4096,"path":"editor-fonts/griffy.woff"},{"block_hashes":["mkInbWwGGANEdqBnC0g+KZsmHxdQ9Fm9ewLx100Mqps=","54MQb+5ssrpFch3qWjEgotyl9+bZfJ3xKtLZ4HanAxY=","whP1Ykd9kl2uvIwyaxAu2gWjEmR1SJ9B9CoQS/7tHyM=","9dvj46MX18A6D5gQ8LTLbfwWqWKug8PZfu/+sdJmBDw=","U4vfsM9yuiSUzufUvkm09wp6egnv6y72WNkk8sGnBjc="],"block_size":4096,"path":"editor-fonts/limelight.woff"},{"block_hashes":["edRNyUiReX7/xVYjbU9u2ZS3PAmAR/yH0kPR2ez2IiU=","+dPol1vDjLLWeQtJV4gknntmOiv2oBiakdljrxUzeY8=","PEJjFfHY19CMJekOJ8Gs4Hu8kuPllye9PfCKJqq87eQ=","hGEckYGK2pyOpaYO8p+1rolZnzeYuGGmAwuTbcZIyZY="],"block_size":4096,"path":"editor-fonts/lobster.woff"},{"block_hashes":["etkvTh6lldxBhzUxs/jVzEyLT5gFGYhebOCW4xLkCrg=","Tt16xw2xqIAanN35XyG5ELsCtDxnoqHwhtYk6CEIg4E=","0klL4XaP2A4uul4B3H6PlFRAydn4pIXBA8RABz3JqE8=","vWbel0QIt7NAIUNWB1uPVuTdv42UdXuMDznh+9al2uE=","qGs3eny4mhJshWrnCWHyu00pg1Fow/3YzWFj16uXxuU=","bfKBp+PW4U22PqVhxkfSdNA4bwZSVnFbkMEFXiGiJ2s="],"block_size":4096,"path":"editor-fonts/sprixy.woff"},{"block_hashes":["seAOrTDstzqM5SJm4UOqAGN8wRJI0Z6UXSaPQWv3Dts="],"block_size":4096,"path":"help.html"},{"block_hashes":["E2c3+g4+bEVE4GE2YXP/wqO2ezzTh6WFb64SH9hBKEo="],"block_size":4096,"path":"images/arrow-option.png"},{"block_hashes":["zFxwtKcUwOKHLm+Fi261HRY8ryTnZQ54hXBgGCIA4JQ="],"block_size":4096,"path":"images/arrow.png"},{"block_hashes":["cRUEpaBKBndaBqvmoXHw1GcjIldIeWvZpcDL7glhNZU="],"block_size":4096,"path":"images/arrow_down.png"},{"block_hashes":["K6OsPWsxECnK75OjnJA6v4MnPpyLqthCfBZykdUL+hU="],"block_size":4096,"path":"images/banner-logo.png"},{"block_hashes":["IaS2Bp9jbUFQTLD+FwprQ00gLlhAejagpSLo0ByDanU=","nCIs/3rrwQwe6tVEvQ86D5OP18sC93eFj3yhMi+NPdQ="],"block_size":4096,"path":"images/beta-promotion.png"},{"block_hashes":["X3X1KnEykOELK8AXMrKYCMonYbpckuJqrV/4snYfj+I=","AZN3qr7paTXM496QxL3WWwUKmSNdEPIqaDtGJeltyx8=","0mkJU5WPeeA7fWTG58j/P9ELgGGKCBsKQ8ERUrrH8HE=","Y49J5u+E1KSE4X0+B+Usde6fV3vAzvyi+eZYiCkkg5Q=","ODWj9WJR3SIeZk4TOdjJHWlq407vUAMVw9wGbtG7JzA=","OYTkdz66N9/Mkr0CkdhGKA0CP/krCsudSBiAF4nfwAg=","IL+kOn95xkn+ryFqzt82AMqSRBqBTSNmAQjRnxJBvko=","wD24B50w1C83Kk8WSIl7hMCaeOttOqfyS4TrFj1fNog=","SrjuK0dI27qcxBqKpVKGQZeUaJ6unahnnEq8a7TRPb0=","LGMMue7TnrfoJkJDcksGsIJ439JdRz29w+C+MZ+7ajs=","N+rOPxH3Oci6qlCSyWFgZctFcFZpciX6fZXL5sNa8qg=","fdxe8osoufxF44fqb1Lhrk6dPutO1mpKNswaLGnOkvo=","sjHinajLRfcMpEVq55sFGqk5AiLyLMQP4uls94fvBfQ=","d+w6ClKYRqI4p+WbbEuowMbJtIm/htBVO05jS9ebhMU=","YdYCOVnICgLrd3dzPqymWM0I4mfDwMuMOK5iMdJd+JY="],"block_size":4096,"path":"images/bg-pattern.png"},{"block_hashes":["i2QcAgHEVzEQMMN0a5NyVK5UTTvWMBynxCtdnKGe7dc="],"block_size":4096,"path":"images/bg_extension.png"},{"block_hashes":["gYV0kp9o17VhQkWF4s3l8alsPPw+gjP+6k7YtE12Dgg="],"block_size":4096,"path":"images/brush.png"},{"block_hashes":["06LwKZztDQuPKLV0CzA5UOHcRSxUqxYqKGhjHF3cBSw="],"block_size":4096,"path":"images/clear.png"},{"block_hashes":["Ouf1TPl+miOO0+yKmZZFjYxx+Yd2edHmB1lwn3kXLps="],"block_size":4096,"path":"images/close-btn.png"},{"block_hashes":["wwFgekxEbxzW8xQ6xYcJSCRLc9rLSzsNMGIK9jil3C0="],"block_size":4096,"path":"images/color-arrow.png"},{"block_hashes":["5DF/j9JO0vy/UhVt9ntzjvaGj1iTlDyK+nsZaf5wLH8="],"block_size":4096,"path":"images/color.png"},{"block_hashes":["vBPtIvgqfGufz8kMwDJQctwyBg8iq+hM6ZmoiKt6I3w=","26S9MeC9b2ntRh3prVmCVQMEf3PqQHZpEd29wW4FHNA="],"block_size":4096,"path":"images/corner-collapsed.png"},{"block_hashes":["A9sVXqL/x1JUm5OEncF2ddhW5OPYTRmZBKfLTiDdgEs=","KWKNu20Ks66GjlBOfcZ9MF7MmPoqT/WHnqHTu+XC0us=","Hc/E2GbY4ak/bqNeLMLZVvBEk3+r3sbhJeUKFMuy/vg=","WQ0OTBKxuqRVq3CxYXA9cnmdF1KFVzoq9+H1L9/VTHg=","D8KMmfs/l6kw9kYRCq44Ux5Ia774Nb2ORrnm3n9/4uc=","9X4x64IKmhI0wjWOwOMPF8nfxRffilDU/E5PHxJ/KIc=","+xI9tAi7oam639VrbUpg299gGMt28YxiSRGxQfMwZEU=","nIokGIm7EB/GPS3vfUImb0bShKwZkGSeUF53nQ8hodk=","Eyxfy4tvObj0axpIK8JBuV1cnCapeB/tmsateE49TCM=","RZldYZNJsnkocSAttSknLxljBAstFoJATiw1gTj6N5Y="],"block_size":4096,"path":"images/corner-expanded.png"},{"block_hashes":["LVyle2Bt39j1p4Tk6CwYBfa+22fOLQZBeU1gDzYz0Qk="],"block_size":4096,"path":"images/cursor-blur.png"},{"block_hashes":["6CE6/dc5TrGNj9KI2jyJ/aAUIzFR3rrv7CtwIgDqEVY="],"block_size":4096,"path":"images/cursor.png"},{"block_hashes":["BXncApk39NHS7MCLrjCuh7+BwSKEKxwcFb4VzEyas9o=","nMIOuS/rOuU6YoK0QHM1F+nNS9nerTWJL+bmM7JxNuw="],"block_size":4096,"path":"images/de-logo-half.png"},{"block_hashes":["/f2K+pGCwcQ/qSpwtiT418pNvuTWoNjJ9oLF0Uwx2/o=","kLSEKChVAUl0MWqvLmi2X36vchsoQL/V1OnzrRYXMOA="],"block_size":4096,"path":"images/diigo-promo.png"},{"block_hashes":["kjcQiAi474HrO3njB6twAd7lW+XoV5N7M9ruRMOaCs8="],"block_size":4096,"path":"images/diigo.png"},{"block_hashes":["7jKEHJLaldGG+m1ewmMXV0qFjhQuaSMGNo+RbPBNq8o="],"block_size":4096,"path":"images/dot.png"},{"block_hashes":["Q65mrkj8xxR4DLbATuCFsSIOyD/ct4I9iq9ossQs12w="],"block_size":4096,"path":"images/download.png"},{"block_hashes":["DVt8ROGOmr0OfOtC0XMwi0Dl2/HVMGmsPhhYr6ouSVM="],"block_size":4096,"path":"images/draw1.png"},{"block_hashes":["k5w5JsM3+JrDccLdmsxUNALNSoG/pg25/vYAbdPFZk0="],"block_size":4096,"path":"images/draw2.png"},{"block_hashes":["y4XBn9WjnXkfz+07m30pw3ZdT6WbeLTgo2mXaOQHUf8="],"block_size":4096,"path":"images/draw3.png"},{"block_hashes":["WZE8XJm+8e2aegj62slDjCOnSLGo9OdXliYi1sSYdXo="],"block_size":4096,"path":"images/draw4.png"},{"block_hashes":["EDrS0lLmDl9UFEADBd7uMt7mdZr4ILanm0lSMFvvzY8="],"block_size":4096,"path":"images/draw5.png"},{"block_hashes":["S7Fem7sAoNin/fFvgktsde/X5LhYeYSv0Eo0eYVoVbI="],"block_size":4096,"path":"images/draw6.png"},{"block_hashes":["XkbjtreO3L+AwGV81R+BRUT32UWSPy2rXUVfjmHW4Dc="],"block_size":4096,"path":"images/editor-icons.png"},{"block_hashes":["gGKch6ZANvPAegjZObdHhTDIhqZqFgkZWTiJmopPwmE="],"block_size":4096,"path":"images/email.png"},{"block_hashes":["SKroWjmneEHxH2NLwGaUM3KqwC++C9J+f83kj21C7UA=","aLebBlGizxIcA2WZgTqYn+NAo6P4JI3Ah7ATpOQvfco="],"block_size":4096,"path":"images/emoj.png"},{"block_hashes":["+ZxNx9MX+OSZj2O2DZ1+X0dCS5zAJdjtD/7AO5jg8Uo="],"block_size":4096,"path":"images/external-link.png"},{"block_hashes":["/wEucLnrCMphHG9KdW/VrDwlPgaGTRKZiZjqaNp353s="],"block_size":4096,"path":"images/favicon.ico"},{"block_hashes":["RyEo1WmjzBkYp3ZmnvedKDNbebkFdUT20yzEOxaSE1o="],"block_size":4096,"path":"images/fenge.png"},{"block_hashes":["LYQttQQnrS03vcW2ctPg1xw7t6xeM71eITqo3vsutdA="],"block_size":4096,"path":"images/g-plus.png"},{"block_hashes":["4ONaKTKQviG/vQ5IlU9nalg0sKjicjWNS0QffmVCoC0="],"block_size":4096,"path":"images/g.png"},{"block_hashes":["z4BYvdsz2rKdhAauN/HumMEfj8CjcuILIrmWPSlJGuQ="],"block_size":4096,"path":"images/gdrive.png"},{"block_hashes":["ewau+pX4I526eVOCr489zK9OXh6AYM7CK5UWYeXeSZA="],"block_size":4096,"path":"images/hotmail.png"},{"block_hashes":["x58Jdtv8wFrH9WtK5G/5ye+xLNKgjuEoNtUaEif2RDI="],"block_size":4096,"path":"images/icon-ext.png"},{"block_hashes":["u0YDlENmt52bHjR28TumCk6sfU8RFk3pIaDzZOuUbFM=","WvVTHtpj2CEiw/NNTAkhd8XZ6NmRNinzEPKp4Grn/zM="],"block_size":4096,"path":"images/icon64.png"},{"block_hashes":["Yi3iLxr25jMSPD0C4L4tUHtPBwB5xC4xq1onzW8R/dg="],"block_size":4096,"path":"images/icons-16.png"},{"block_hashes":["+ram0OTEsuY/d7j7JyS2jtwBdwxqZYIT/Rdy2BIt8VY=","3TIkrXa2Fer2ctjxuMO1X/Z1vg89Yhg8cBO9pPy3zY4="],"block_size":4096,"path":"images/icons-options.png"},{"block_hashes":["qeMcVENW7iv3EAfaKEfkTrKRTkkyiWVxB3nZBbeqY8E=","MdHzkJxGqhghOHl4BAV62emRtWlviRXCZsyredsKtwI=","Qly+MooW557LYzs7w9neUadMfRLZJ91nR6QaZL2PDlU=","1kZm6t03IKJqNfOz36pKaz1x36MBQ0zNYCD4kryomC4="],"block_size":4096,"path":"images/icons.png"},{"block_hashes":["nXUss6xGQ+B1EkUXqBnMGVHWpwnpoOf4z8WcR64HUAQ="],"block_size":4096,"path":"images/image.png"},{"block_hashes":["lWDVYgOi+R0yUOgpxBzoS/gnAf+dCQmkJ0dTGo8x7iU="],"block_size":4096,"path":"images/loader.gif"},{"block_hashes":["P95kmwt6a0qEcXKAVR04Gz5v9VX7kkHOkvOCwBwA14Q="],"block_size":4096,"path":"images/local.png"},{"block_hashes":["jP56gI6yVY4hTSoQyBme7sIM8f78dd2/qZzpHOfh5S8=","ZwSUL1bZtXbfPKSgjr6SdSltrCy/FbsJkUNUrOSXOwE="],"block_size":4096,"path":"images/logo-half.png"},{"block_hashes":["uBsu0TonuBjE4wphUJQccHYKYFci8DcTGy37kUeI9KY="],"block_size":4096,"path":"images/logo_17.png"},{"block_hashes":["E+qPkitHc1zLzYx/EvHmsv0+Sl4BqT9Hz3krFmEj81k=","ygufN15fqNaaua83LQdWGxuLJ4YvfmtxdNMxFn/RumQ=","qLGXvJFeyZzTN0bgfpBn1l9ZyJZYT/Lw+XESvVWqTmM=","vW53QAq5xleUakaJ3TPRbZcb0710XCK4noHOdMjWF08=","lmEoEQxIev8Hjm0fY4sMZ4IEwCnXYAH6Bor//9UcP14=","oWfWwzMlJvWzEAnf8473FFSnDQraeNyo6/tCZxB5YiQ=","MI4x6cQLfVwRiPtnibmsGEsqkoPkIPqSKk3bhVp/grU=","DggeteuveUAjd1H6rPKPG+6YRiObVT4XFnskxllYYm4=","QSsPmS63unlipDyaTwOr/wuMKDS6Z9k+Nsc84X7DltU=","h20HSSBZlJKBGzBlS/id8bn0+XvprTn5ed6Vk1eYCPg=","pZlzINo+451KmibKdUhLBQ0mbz8Tq0xAdNy4j6bk1Tg=","UcKkSvMor1OZj8G5YWI9fmV+hsvXlqMlR8N9IKYd/lc=","l3d0e2SB6qRFHxRE1cSClMWhNmUMG7ga7oDyRmP8tPg=","vwoCl1LD0wgaCblg8u5cme8WM/CofoKh1fYGFyM+WM4=","0aFersevE5GmuYRP4Ytbmpwzw+v9zEFQkWpPpiVJGG8=","TPYgjKdUDLuPPHD6DX3k8FL/2ampn97RtEZolsUfAFs=","wz1+VM91HSIb0jT+LmXMHa4LuFlsUNRcpEKCZd5IyXA=","me+vyZiZM5gW0mCsb1L5lVPqlBGG/o+RigVMzL7dm60=","0V2E9BKYdM7qU0Bt+m0TwX/ATvMmiF54Ek4S3i8nVQc=","zrbAUOM+tsHturrZ7OzH0H6eavHxyDYd+8yEQcMzziM=","1N/Rk7VVbWCtNZW70btoO8G6yDjo9bgBb/liTPnxN9M=","hOA4JZGnHi3Z0vUXgNvSkUaROXumfu15RIyxovV1FVY=","RGRduzuQ+Srbd7hSF7A2OA1kC+OuqmMTpg4a1hJLJy0=","uyY4gxCfDfb+Zj60KAzpzvOK3cj37NhWFVK3vw34LCI=","f7fylyfHx/EpT/MIh+S2d1iVyxl24v5P9lD15vcqC2I=","dg9t2YmJgdimESDoTHtXz9GqvFP5wxRgyUucyfsaA6o=","oOKcDj3Bloaq2vI04YRpv0hRaF8ey0zEK875d+9hvvI=","i2AsFWmAhmqjVW8xOCiabzfGHPwTWqwQLZCV0b9+Pdk=","IULBHB/EzvQBxd2pneEQvfQuOiWYkoRDy5+Kj1c470g=","Tnnali7cBAv72qXgO6ZyabCwLZI+cF11/dL4+VwOpJ0=","G9uWO43zrFGgCfo5tr+Bx7prFoYKR7XMItO4oUaU7PQ=","Eh3RJLQRu3RfqZcCy5fQs4+29SotNv5ED9NMV1cFfWg=","EX4j8wTNzo2cecdWPiiBYXoDcdBuLPHog/AYh27cFq0=","keUNFd+DQ6BNH4MSRTGUMwUNO/NkWJv6E+gtsH9otyA=","7h4XnlJ9ahkbCefmGWyrmwSxoIX5dxxSJ24FN1ZiGj0=","ImOnDGPk1AmQ+3gxDtGDVCjj2jSpJZUQ/54OTmebwC0=","8WqxDlqscS6gkHq/55GgP0CfhyU7ylqXduUy/U1A5YQ=","3Qdy4vR0qGb/H6VKGY3p6p68AA01/iGxKQejYbty6YA=","FUlAcPZ6fZEifuIulUr7Dhj118Emt6OER0H3ayyUx8U=","7idW6PrkmYccV1jhHG7y61qKfzTsKAv4TxEDIEF9YKc=","ulESGlI0NUsuwaGw1rApT5ckgge4x4sBW11FO7nPSqQ=","nnguGbJZ/jmrJwVI73jIsqJodiYC7xdJ5zPfIBI1JJU=","6KQOtMqKfp/xEIchRacdGSztcZTXtwlWixm13qnc9pA=","GqGcWs+Lp1CT3hYBJKUtMC8cZOAR71UM5vdIyC4Ng/w=","3E4f0xTPfsAdhy1uhtDkXVCBKUHrt/eSC6AQYHj8f/k=","ivV4cRsnotNlFQ3aksvg1GY76p36m1II2RF8np8Gj9g=","fNa5uS2D5sWUk70PcDFTS9J4jLqeb9p71RCNcevcllM=","1p+ZdiMr/Omf1a2TiAIoV0OIZlkIxQTrdDlqZob+xzQ=","plpLBS1nsdwWYy/fxznJ92gDCSDUQ1HqJLbzEi2PDTQ=","wMqo0OxKOSMmAZuXn5zER23vwF8MOQExfA63rPEfMCI=","9ImV9eHWzwG7gcB+z4X0sJ891DqHm+W9VUUX0X5VSgk=","ObyprK6WCupcUv796jvuvCyqhTilfmuE3dJySqeajvU=","nO0MOzMLkcw+pqvrNax0ufcgZHcbMclUSL/gVD903lc=","/pRyj2bTS4dZ902hJJIRshOoBSRJLp0gFDd4jiUWmt8=","yNzxNdlM9tX1GsC5Fbs0BcVe7O/SwGKXbHG94ZtEcFc=","kZNm7al9SqM7PGNKsvMfuJXoMvlBwcxIyF/h+Bbafts=","MjOat3bEvZDnfwFwgUycq3JWdrFvVJeNqcsuCV5/yog=","ithxuXaPUnDLHa4ZXtNvJHa7TYrM8YyzFby+lD63ESA=","xnNZMaTPu5Ztv+w9bzWQmx7uzug15/IwoEfreW+z/BU=","kewm/qy+sQZ4+OpjY9tJ6p4G/jksOMFoFuL5eL5YSjE=","6sgmKYku2ONQc7Bqf0x5lD6+J0p2nJJbNXUMJmd5PWg=","tqzag/rOgqeVmDimz8EDgyJAwDP9/qkmQ59/E5oxIlQ=","HcEpfGcuArgYXQEOsw8mecpDg6RX3IGaJHf18Lre3e4=","nbgJ/OAt/NejC3jiH5Uw1yF21eDuQoVHv9wQLdYvA7E=","2vEyt0ZFaMOik8AET9TACnVnjMI4+i/rvx0YF8LodpQ=","SzTLKQPvms3MlgCI3wZFQkvnHK/3mSLRyMu6WGLzZBw=","Z0PD0FutrTofS177TiSsS4ihChbZ1H+W6ffSdFhL1yg=","nDC3gVZPzJpPMDT/Fd8scBeCVoq8iX4voP1WiFGyJio=","ytl7nQ1PFIkpq3ATevT6FJR+erVZk9I5cjHrcoeogU8=","UDkcnMLdLnRI4cgXnNOc9jPU3YLGu0/PfGxlHUkCJJQ=","cgEceUwsTaWf5tcp0xhXvaj5/w8ZnLfzVUyru9Z0dD0=","iefOgEJ0KrhOswAL1pdCX59yPc9jiUlxbp8XB/ewfIU=","645XFyPwGde2wmk9dHlGBRtu2mzqiwP+uPKW/n+tLDA=","X8Y1IHEV7eWDb8Fdni3zuawZ6j/gQKjfbBzhZ6q+ApI=","1OYN9fHDvyt/RLCCggGeA6PX5930qGCka7cVtU/fg3g=","T4i+ZtlmJHbe/zcjy2DL5bw6YVA4ro/nKP5JLC+BGCA=","jqy7+z5rwOA2EfXMxVa1avXWI0WWbXo3mwNEvwZmaTg=","LpCkBq7I9ZjvuqX/OpjhsO4UVo6RDfdqr2hUmyCr6h0=","ORueYv3nK8iDI1L04C1DCQrnOFX7twTWtXeqGSi9Cz4=","lJbIhPaTbv0P8NS+DTCqusCpUrxzzwScHFdgFFFlAb8=","yjAJ9jT9m+8G0vVvxysjxzzu1TkndBEN4MRwhWTJBgc=","G6hAh9tC+r4UxYxsum5RysvdQH3rvQqOUR1KtL/CZYA=","kz+YZ4mww9Wbn4WIjVZRBgxqXXd2ySi7P2Ndzgd+40c=","OWim5FhWvD34C8Wmmv+mty68Jfo+/iYAjTd5G7tvrMQ=","YPzDOUgtbfp5obZ0fuT6PmybIZ2pdm3T7pr8C3sTGBA=","A8cO5nHjpob1igW1w3sugvc44U+PyZ9Gjuuz1BUUsc0=","4JaoUOf8hYAtLMsGrgb31F/gJK8MshxBqs6Q0kW4SRE=","XyZgxtDGMhh9X6Lkk0OdY61h1+kCKkUpOj66LlCgl1w=","haWIHkvRtCXVvXFjfd9C9GMGZcOs3vONJBjriIIJxT0=","lEE5/3jsj3b+usbTZiBPTTcdKU/pIcEyLfY01z6s0Qs=","x+niIdKKUbGHFvhTGYDPy7tQ9mtFrrV4zsYi7t9uChw=","Bu1hk3jXUjwtcQqm1kmtjDZOy3mIu2mpk4nutNafIxg=","rmjSConOOD1UuLEgL0XWNGo5J6GtzfW0OQRIOqYzVkw=","5sA9vdIO6DSHmiLqePMmrE9mdHuFYRV0zDe6LR6ectw=","j9d/fulGYC9u9o6eo07pZ0kjim9XnZvR+ZAIP8HkI2M=","osrCfxl5zAA/k3QQVfpt42db9XaE4SE+VXoYfE9fkv4=","cRwd0axpC97/e/DO1KspBnzCkdGry7T4eJy/ArP6bNI=","8bJ4uutg4dOyCU4n6qOX/S1e8xvY+/1DuHto6mVWkmA=","FMeGeZm1eLvanbPGnJCd42PdfsAKqX49jpE6wLm9dOQ=","zbHm0eomhGVWo3nsJhRXxkO9glRgUpffoKclRv9qEGo=","280QqUGjUxWN5ZQzp7S4gjBtqpg9aegOtCgl3Cp3N/w=","4Czydh4n3snBBXIRcQZJENaXnertJ98UpL590gUxb6M=","VhpePyv2iogiYS5nuzghc0BwSNbQ+va7UZyeiHRJtq0=","t1GJ93TAJfd7p4bLXUjovWw8K3IgdknwC8hryfofrv4=","SXhkktm1DdwWHylvoV2wpyHxiQZ6C3gX378FitdbR1I=","hJcFLbyReP88lUPbHU+p+TQYJHsr/w1Nm3NVKnGDuIQ=","wIgyk2VRmlWBacAWC2Bf9NzBuv3FPIfH37kKUe3QxwA=","RYicLSsTNniv4w+jk9s9qMznVc+RPzQKdVAFgR/3TjY=","BXVRVIrs2QnMrNXFg0HHCWe7dKHiSZynTupW1C1mxqQ=","tHSSZjVBYcQRH2R2k4fwUFy5W/myHzU7UAFqsITEvww=","CUVZ12xKhF7QFa0iXqXjhtuf22bKF1jSp07/r9MmokU=","gZ15SZrDoyJcRyCz8L0A01yyux0wVlOqdhun1HIv2R4=","R8XjjRNHVcogZHWfxroq4jhZK60aQDFvZZhVNBu6RIA=","HlTpjwWzgqVxFsxHUmxTa56WLrOAE8Nb4Qzcu2cQTj0=","d5DGiQOsqcltb5VpGdEFAadZCAAjOlN6NAA9qlv60mA=","vhJwRfVnoIpvn5JsaPtUb2uUV4fzJP7bsLGKyOqgwCE=","60/BBkAYmhmKq0ledwAc7V+dBXHCoIMSne5CfSSla5A=","ZY7N4xWbhWwLdXN/Y3AWHY0s789ojOnt8qiCFH5EozE=","LZ87DDcPy6PYoOXKWh+tphyN268r8oIgrk/Xx4RulDQ=","WBmqkT7YnAn1Hc/YWQNs3MiCrShbqcKHhC8k1omgNKs=","EGLTOII/BkeBSWnJ5uSGEn7Ti3Ch+Lk18kk781tTiL8=","pd1N/H5zr6xW793tzvAuK8ihr53I5GyA/et7QXazyII=","Xe3IdZTXQokNnVgvH87QWSuSniCLnj19V3Fjzs//O/M=","8WvexS3k6jlZpRlEsnOcPSwJ7zkwcQu2gWQ3Lehb6Ms=","oUo1Gjk1P8DOYD8S3hZ1KH8eFV2XJB26J64YBC0Dtbc=","yEZZ10CuMc7RQlz3t8a6RKdSWzFLm7PK3XJbFpn8M7U=","8erO1ONzqRWOJSEh/lXutZyot/6kstDKNuZxG1VcTI8=","XX8WhHlQpngK5Q+4JBQPSj2sIKx+7SwtLcRlfowV/bw=","VVCtbFg/fmQiAOD3ogxfUaZQTgjhQ4p6ZioOj5lC+bU=","ak62gv3UwECJdl8ncfjndj1v0vvQkwQ+F5hgX6mtYuQ=","/cPbEvmuO1aeBewF+8riXZSVZu2chRB7+EL1B1fU8qM=","gx4FgU5FxdiT1x4vD14Tny5tIT0Ejmxbs8Koppf5oqs=","8/bG8HakgkcIjdpFMgWTA69vO/cz3WNzmAxDSzsaLhM=","596oQqJcvLXbo8QlX+qkZhhmmAHXF/Od5dOLfgDSGg4=","uUtzeI1huPajrFJy4qvd7vBq0TQu7IwVpyy3v8FLSKw=","zNDqErC+ysoU+Sz6zAhjEoaF2991AO/vbFkmxBs39Gc=","LpinJIrDEkFAksHh/j4bZCiNnzAthJkFVFrHkq5rGf8=","evsSbJ26/AozyYR03dJ+tP/8qOvhH8VVoCgwO67TdWc=","nsMS0hAVctGbxko5acG3GQRnq67pESgDM12uePCf4DQ=","ZyDSnnooicbnCZynTh9ywGrpSofo0zGHl9YqP1hJbC4=","X5Uz8aGVQ1RRvVwZoDz1cEd14o3wu/dX2jMWi/1SLZw=","iJ7OTNbnFDeq68nINARgAyrO8GhKzlB/1Rnrq/cJpSg=","V2JMVcbTPjrP1/Q4RqS46xYiaSRrzQw72Td4GegIzUY=","PXZOW9khcYbk7jCzo1pUgCU02i+fWDOexeE/nF7wpS4=","YycLUK5Lnx4ry7T3yaruLrbSeBkj00VtfKERxiyHsy0=","BEAUjHRDbYf3gPANL7MC/0xPLL1TP61rF+3dAr1xehA=","n8T4dGah0JT9sXrNjM+Psv7gCXTKZVhi8FKsi098FCQ=","CZ08ngVmUnHv6Yfe6bSnL5qnbPxb1l07UsSNGEEejKw=","cUT9lo7foCjwlj0HC4Qf/bT/hKgBakQjUahzT+2lTAY=","InwlA1mjt8Ks4Tlf5bW7D9jUDTUGRA68z+5SfuTyrwk=","EsgkI3oO7VQGn6GhU5BFX4rl7zByZwS+RWGTir7mbsM=","XeS2l21BK8kjEmYKORVFRX4IjyElnoLmzvtN7pH1EKw=","YIqdWGk5oLzC+PUPghhDo8H1P+NI03w7RvazWdWgqvc=","AxXdv6eosrKx9k6g33z6OHWA0z/GU6WpqO95XGO1KHs=","71iegC4gwSJSdvPA2MZ9O9c4SjdosIF3NQlv5BItNT4=","9oDBe0ChhZY0j2gBnWIswEqV8Yaj1b+E9aAQ7Fs9H6M=","E53J/pVd15wWRqwvXTIWX4/PbRlsWcBXj7XmbPfZqKU=","AcTNJ+TyQjFzGu6V8VsFzXkVUiVT4kJQ09us5ZFgy0Y=","iUQrIBolUFAPcw0LYu9yu0KzADaizZero1EXZA1RzJA=","pz12+YiZvbrFy4X9bi3PmHbPgMRolfjnywyRZgH4xhE=","NmHYhXFIe5d98XnH3cATfOcd195+jSc3sFLBb9fOgOQ=","CJ0x+5tMo1C2SExoYgbAGSoTqDi/4oDwJvkLAGWA+vg=","5Orp+wPUqh118HTd/51sQX+eD35EJADEEltq5k045Gg=","yH3NYtbqza4gdh5t0/glDOg/Bf8staoAIHbbH0Gd9eQ=","yD4Mvd5phFphjJJ6FKCb3FFR0JgOLoRNQRW95IGlIPU=","MzdftHPk/f51RerXfPCt4OAlTGwVEofNvEWQ/GK4NT8=","ccAGop7/lrU+dMaw5fpDJimuKB4xqY1jBFGdbv6NsNc=","SS2IdNEqhN+E6Fqv2RMkyObg3YI2XMooOeBXkS7V2sc=","2ODU2KB1zlZyy5vQI4HcKaK50MpUcfeGUGM+Rvg4UKE=","Wf+FnSO5hBFPsJ60x4vy2hwJywSJvhWDde9tWVTAVn8=","ht1hLSJiAxfTXKedGvHcAi9X0JQpFHo9GjARaJHy2oQ=","6oto0IiNyQ3X8M8ORtnUPBF6WKIzWE+EnCAtL9d8MCM=","sJxemV7kArR6z2tgzXieSIyiGricWehtMswQ8BpYpHU=","ScGqtVWQ/6Cj8aTU1kN1HIgWCI96STei4lgOVdLGieg=","k/VxPft6Tk8PNVh2qU8PRzz44mMh6he/ewJ5TW51ojU=","+WQ98eTyp1qOtK3KCgNKnE10Gvzs0W/g4CKGx57jEFs=","yOiyUD1imWxxmPKxRelVHi6VYWm9DEVMEHjvxquEjCI=","xoI27pf2qcLRdCGXLsmUed+PlpDD2/vb5U9Dhn1Irb4=","+CcNjBuLJPPGInXSUn/96HcwcELU1be0Isc0R2eM0XM=","3kcfvZj/xRaJ9vnLc/Hb6V3s2T5DlPWhkf4g9LAEQiI=","8ns1yJA3m4HgTFd289b0RjABlSF31ktGelMp8hO7kOE=","Km8toGZYayFAmgjtZ0gOC0aoo7U6gZr5vtab735Qloo=","i2l9/T3liD+aec/KYuMhGABk8qkOHdIjUJ7r9S0vvos=","nsxCBCTGjR0H9ZScLrbevoT/KhYRkgL89c6zBMEsn/A=","aw1ZjmoNkKusI+R8K2uIQSQTjzOyL+dYyZbwL8Klb1s=","KxzuggywYuFSpLuFAsZYCI3DeE50JwdtQF1sydHelQE=","BUHhhbkuS7sxuuXdKvYIiNmgUWM4c2qXGd0J9O9W5x4=","YXbscRAaX/0fQJqOxtgtHrtcwJt/BTLRvLzQvEGgz5M=","kmHvpU8YsGwiCDXkSKeCJe5jHSPmjovLAViAVBTOEbI=","Verr/0btkCfKzr5EeMh9lMsn5pb/AAh5TKTo4PNa7pA=","QaJai3qZe5Zc5JrfAktAsx5mLhH3+OsjLLg7+UkpGa4=","mDyrKMTJTOBQ/ZVQmgsqlPRnVVa8mnz9TRVuIOWYk6I=","NMoFMk9tN0yodCnvlOVPhzWKUReQjej71AerD16qWAA=","WMGfs1D48RXbOKYSZmxVXTD45Jx/uMT/IP4gnv+aAUE=","oHLLCF/v/3hWwCzkpDfl7/YM+rXdN/s6nPKQOwjKWW8=","XujjM+2AMdpPh/ppbnnWkpY+Id8NMQjgYJ7jTAoAQ7g=","Or5eUSTPnXSed9t55BljkgwG/rq83e9O4tzaqGfY3r0=","u6GrYuXE5Tk5lBNQIah0lRyg7XGOXMeecxjGn4SGh/Q=","D2MxYYKqF9OB92IDxgp+fsWOPZ9AL9laay+uvS22Mz8=","hsciTLbSLg+lLNSGnHrDCm79T62SY8hagu4zcLaNb8c=","q9XsdFd1VScFyhcj8Z54alfyZFB4OroMkQBegIP8mbg=","1svKakNVw2C4pRsenCPamW2N4wuXUwLqP8/EAeBH4/A=","LBKzj+flgzc9j+wtzP2nEpIw3ow8qH9gvf/kYKenqM0=","XfwVA/o0pd4C6WggVm/bPbh4TeU7mPSZNidpXa0MdQw=","gb8mK4C/iNvynturAnXzeVsO2CEmfpo7p6BQ9lT4EqI=","dgYKm2ZmKmlwD2+YVdzi65Nx9118y+bFqVR1C6Mi/wE=","GvCqJMe7HmnLEQzJxPBIwZzEPVFyPFLh/a8v2vPJ0GU=","Pn9f39H0KeGJjPjFKMp3plZddCuG2axrQcfzIUWS/JQ=","Lp71dmKCHsWqFpi5EdEJ2QQpKxj4Qeguxk6i+wvEaVk="],"block_size":4096,"path":"images/new-screenshot-annotate.png"},{"block_hashes":["yjLPtFYO5DcDovgu5nXBKgbNvXvame6T636+0OAs8gM="],"block_size":4096,"path":"images/notifi.png"},{"block_hashes":["xLfYUYrxtRfeiNsYy0tlgCpcfdhX5Js8YZjS/+Sfzgc="],"block_size":4096,"path":"images/pen.png"},{"block_hashes":["glzCcnd7bf9miBYHSdYMbQMBqHhAC9Kd8PcQ1mVqilo="],"block_size":4096,"path":"images/pencil.png"},{"block_hashes":["GmKhByhCjBAFxkFK59juEw5d1Jq9Alaalmd8sddTHN0="],"block_size":4096,"path":"images/q-mark2.png"},{"block_hashes":["gE2bKFmpYA6jozuDBjJ1zAepCfsqXF0iGQFMy3VPXdc="],"block_size":4096,"path":"images/redo.png"},{"block_hashes":["7v4ccgLTsrm5Ui7f5KYpsTSFwPvYZcRKtCecVC73k0w="],"block_size":4096,"path":"images/rocket.png"},{"block_hashes":["/9se9Wra/6MOPJpfG9M4GuMix7y6R6d6GX5LtUi8ahA="],"block_size":4096,"path":"images/rotation2.png"},{"block_hashes":["8Qnr7vxbsOZI8kNvWuU0gGdbidx+KT/jjXYD+WcMmDk=","H//6vIzM8zX5UF/+Fko3rsx77AoUaEqbm9+TDJ/xdOI=","5d9P02YLHXxxSnIf2NDdQ/jRuu9NCeR9TcLgxw/2dd4=","ajA6H330gsJRdaBVS5W9tT5LP3okCZQCudd3VH5NAYM=","AhHZDsGOP9JMITvzCTFwviM/Ss6rvkYzilnix64CvpI=","zPGDYRu6JC+gA5M18ek6evxlCeljB/Fk90b8WPfvqvA=","sFbJLkdv2z51k+ugMVc6w1/wuSwviYamU0BJz5fHrdU=","uaBTSXx+aJf1v8DJewu9NZGldr0Maghl/RtM8lF+7MQ=","JhvdcaAZNefrCdxpQgbWO5bE2c+wWM13zwStc1BP8wM=","05WVFsm2BF1yX8TGFr5a255IhblWeNBcfsbPAFM/F8g=","CuOJmxsV/MKyCb7MG6/QSg40DLwNRamQEcQUlTCRujI=","KXvBhCYqH07/qpbPaj9+jO7Qign7+r9ZyANZzS4coFU=","AQAO+FBsPivvyaLIT6/XpM7yUIauH+isIe/PzECJoN8=","wKrozVCz3v0PUTISRYckdHni4iL792v1/bWOdidvsq4=","LCSiUyc1oLhvPI05Lb0vgkgRZj4pV0s3lMLFw8QbVAc=","tBwUXE44p0fvt3tuf4MfseMifUSEC1ExIgAA5Li0HUE=","ddCG1tmvkNj3GkSg1whe34GToHc9+7vf+s5ydb6vprY=","teiNFsPGPf70oJZjOvwt/HNZ1AUto4HlKVKLTCWVKL8=","8yUxlHKrOZMqtHQ942eIzEjOgL60bQXLfMAly95rvK4=","KdgPMXdgH8oXaVpZJt6bYu2ScJgrbxzZPXSPlWnM464=","+YJxg9PqS9gdaVZWELz9jpFJnHzM0Yg4/MND2hhf6Ss=","+JvGGvvmm0wD9KpVUlAVE+oqWXKplL4XqU+mMpq1AEI=","zOrtDz78QaHnCggIcyppKg6YNPwIUFRxIhF1nvLtn9c=","W/wXlBwSZEY1C5gr0KKRcR6Ws8jZPf5SG7rXVHx8avQ=","c+75JOHODvWie5CHoVYgtfIfKScGhkIz2OEKyc2QD5w=","YCRFnVwx2ASDKKgVNq6AiFTLwmnT3AqL+o+Tu+dhMt8=","zZUk2HY2Z3/bsT6YbYo3dZdrg4uY+MNrJmYye0gzyEQ=","KQ542ORYWSuJ+AlnxH+RVzwH+qmQYQy9LJI3nXCqNfI=","jEqOft/gqDbDyMZp4U1XkAEUG5Kt1FwoRheCibLG4GY="],"block_size":4096,"path":"images/screenshot.jpg"},{"block_hashes":["5vMflc/RXMp1up4jO6MeX+BcOidHOlJolO2Ad58oPUI=","i5+eayRyl+R3Ba9ZD1dNYI/x5bjE3T4zID0u3E5imW8=","8cc+tAV4XrKz2nDR+srHMtYVKcbqM6FFMCUGsn98TOk=","BuIagwbUUCc7+ZNKhed4ouJFu0MGXe5DYL9P+fd2rpg="],"block_size":4096,"path":"images/screenshot2.png"},{"block_hashes":["7tx0p0uv0iRhMiGWpbjP88FbV3cO/7tUbbOvcTLaSpU="],"block_size":4096,"path":"images/searcho48.png"},{"block_hashes":["dMkxT1oJuFmvgO30BZWDGftIoKs2XGcBk5gnQiJM6ik="],"block_size":4096,"path":"images/similar16.png"},{"block_hashes":["tAohVry87EyjL19P2UnuveD5OwKsEeGSEktftplG9Ts="],"block_size":4096,"path":"images/spot.png"},{"block_hashes":["NeGD2C0oyxdM8viJeCr1A6TYBMGngunp7VlX3QzVDfs="],"block_size":4096,"path":"images/success.gif"},{"block_hashes":["LgH4Y2wv2Gxjx4zBIhRSTbB1PCir16ljbEMlj+4yprU="],"block_size":4096,"path":"images/support.png"},{"block_hashes":["XapSIM9Z6kEZwQkTfhcG64oOKkYroOXpP8x8qmvXwp8="],"block_size":4096,"path":"images/text-domeafavor.png"},{"block_hashes":["QJwMKn6L68UDFyFEFCiIBKUFgusyqQs78LrV4GtI5Lc="],"block_size":4096,"path":"images/text-recommend.png"},{"block_hashes":["bihYweWJVrafsHJDSYpmX/5XxvIQr43toyjiIAYntGM="],"block_size":4096,"path":"images/tool-panel-bg.png"},{"block_hashes":["VCmbzaQjoa/TZqtp7OU/Fj/lqnybqIUQwdzutcNqKII="],"block_size":4096,"path":"images/tw2.png"},{"block_hashes":["7hVLqEms+2Vh8zNm9PFuhtECKY6Ib4lVu/vrR+jO/3U="],"block_size":4096,"path":"images/tweet.png"},{"block_hashes":["t0K+q6TMtTLF9ortq58jllDlB9cuGyDa8hQRp58NPso="],"block_size":4096,"path":"images/warning.png"},{"block_hashes":["6DkMD4iBffuflcs2302owFjPswA0JAOK5g4pLi+VOCQ="],"block_size":4096,"path":"images/weibo16.png"},{"block_hashes":["anp70dxkbxhqqRDUoeHrdGiBoPKpKDyr37dqybOKbxY="],"block_size":4096,"path":"images/yahoo.png"},{"block_hashes":["SY5gjH/QThcSQdOmdpALzlQGEzaI6RHPqwQDYB964oQ="],"block_size":4096,"path":"images/zoom-arrow.png"},{"block_hashes":["XdwAwI4vB4iPPKyC4RIgkt+FRoUJo0gMWz7hn/21MJY=","fTSvSpinwH5ZEWWNDTb+/HI5BoL6bjBTPWPvhqTqi3k=","zhlBgLY65TCktJD9UDQo0XKlyuKwtTtkpM3pNHFrcw0="],"block_size":4096,"path":"javascripts/background.js"},{"block_hashes":["v+czhgXQ75ghI8/POP4XQ5ie6UhPRZvBR8Wt6q1lyjM=","l9T2PmtCLWfC/f63Ycl2VVK+Zfqt/bLcD6xstaC5UQk=","ZEmN1qK09f0Yn7rVadnoPSki3dS3ddeAUpWACuhPzBM="],"block_size":4096,"path":"javascripts/bg.js"},{"block_hashes":["wVxqNB9v/ZlE8vGt0xhGvLDwgkzIKmqV7wcEEQ1h1xI="],"block_size":4096,"path":"javascripts/cga.js"},{"block_hashes":["8bs9Rw+0bKUe8dosxfBao5DOSrkHzn0ZRfN2jJvT7qQ=","x9bIRzBwNBur7jMdUIVNiEIKsYr0ViI23hJcfLasid4=","PXWKnPT67eU1fdJbkcB4NndEpyPKI4B4z6ux1LsETwU=","qAUKc1WBeL8rEVl6dOcmx85t/D+mJWHahKFic8PqW08="],"block_size":4096,"path":"javascripts/content_script.js"},{"block_hashes":["bZcv9mFCsr8uN3uzqEOpP3hl9peitDPZSFtpCFk2To0="],"block_size":4096,"path":"javascripts/detect.js"},{"block_hashes":["Bfo6MOdLps4TsKxXQy0oDGFAOB1x8QpIGJw3wsCA1gs=","84Cjz5R2cjnNMqmwFu85DndiROS5zCXU600jfl0ERFg=","nh+HyHPQ0nfOPkvfPeyL6zvQFm4dPl34bBQzv7Bnq8c=","xPKV1zdDh7Y06HuCYj14kIE86/5yVqGJPbUxAOrxhho=","C6W90IWPBvYdGxoA3BWsFkyqvC0K/5ZqRemXJvEpQVg=","cSS5J0pLckDwi4ZQ08ycHY4Rde1fOTQfyV1LfuOi/ik=","3NpQiUZhi7yqBNXNuCH0V/nTqZJ5/NR6mV9/yThcbEI=","Xo3yZ7w7mwMsOLWOR9CxPcGQ85WwE+2W+ev7qPbGh3s=","Dswp2GtmL8lsp9u6nF656mK84PIS15hEWNfH2vw43bk=","OCyGKDuEuKo/bZoumhBqcfBR9z5PoDwOMyTFi/g2+N0=","kuOuMDGWNAXzqJMfIN4sPWvG/eLNolGVV1JdxPNFLB0="],"block_size":4096,"path":"javascripts/edit.js"},{"block_hashes":["xXIoGAy0VYuGmycoeE52s+sRkiQgACuwNUPxOSBGYLg="],"block_size":4096,"path":"javascripts/extensionmessage.js"},{"block_hashes":["R5PVuAWYx/2LhOh4GJb/Ytzr7PMfPzJrUdbhh4Kwldw="],"block_size":4096,"path":"javascripts/facebook.js"},{"block_hashes":["yZAPi0eEoL/HwvZOJczBOOYLA3+BBIIXI5iLDaKp6o0="],"block_size":4096,"path":"javascripts/help.js"},{"block_hashes":["7ptGMNC/eB1MdZ5SYjCfMg47N+TvAywXvECzDXZqJQI="],"block_size":4096,"path":"javascripts/isload.js"},{"block_hashes":["FMNQqdd0iFN0JT0U+96idkiCswxWKqSzew/3jaNilOg="],"block_size":4096,"path":"javascripts/jpeg_encoder_threaded.js"},{"block_hashes":["UGG3SLGtruVaFGxCBotgW5BHGnrEP1fFIxSLO5M6ULE=","xkHJpu0MEitaWNQobxh3hyZvf9TaE60XNr9ghDyy6iY="],"block_size":4096,"path":"javascripts/jpeg_encoder_threaded_worker.js"},{"block_hashes":["/1AI1KoI0PyyxS1/4yl9kFNQidsOtNYAlh3wYkpgCHo="],"block_size":4096,"path":"javascripts/jqModal.js"},{"block_hashes":["bXY7v1H2ExXC3qmQjMXTWFbAYc7M/kzMPKeXFB2vY18="],"block_size":4096,"path":"javascripts/jquery-autogrowinput.js"},{"block_hashes":["NuNkP2YTThQRPiFhuCR8veibPogjrXi7JKvcCfol1po="],"block_size":4096,"path":"javascripts/jquery.draggable-edit.js"},{"block_hashes":["nx6tt//jVCQugOklDlYeqmK+SuTFYp53LdDvlsM6i9s="],"block_size":4096,"path":"javascripts/jquery.draggable.js"},{"block_hashes":["/yESV+JDTE+WPd2P1kHxm7Al6OU+3dkN1jZWxk8BmBM="],"block_size":4096,"path":"javascripts/jquery.helper.js"},{"block_hashes":["+0Zh3MHt3KHGS9tNU7jWpGaO1k/Tro8e9nuy3r2cURU="],"block_size":4096,"path":"javascripts/jquery.md5.js"},{"block_hashes":["GpathAu7mJe5Ge8hmKthOItsnsOdDJY8WFMCtC37dpc="],"block_size":4096,"path":"javascripts/libs/buy.js"},{"block_hashes":["1xbQgmlYk3RcPVzFwWNSe9Pb9geqyjNiyS+p/SEtpDY=","Bm6J0bkaE2AoQ++VhMuEGwzNjZPrBL6yo5ZNHwrEZ3o="],"block_size":4096,"path":"javascripts/libs/color-thief.min.js"},{"block_hashes":["05PEZhmWHdn5x2tZnGEvOL5khKTj1P2O0DU96tI5SUs=","SNz7jDJwflooTn8uk+h32E/VyINAEguUx+Tdf3VIjqM=","mcQf3aC+XSugvoH1cUS559sUQfXV8Ohkgr7COFxSoNE=","lqsi7+ymJIIjf684Z8NTjL6sHFcr+uixP7earvZbwZE=","ckxCyI7Trwor6EZT/PmSOgm9+vCu9Z9J9nNnHjqZlhM=","6e6BQz1fekNQtK5mRId6ZLyiIh11vjocPY+otChp3r0=","Pfd7SV4RGF0bZxLnVY9mGMxdS3tmuT5YOdg1RpKsBHk=","WtyASXxvasIaZYHQKq6lC5g9H37EmaBXHTwTeFWzW1o=","vkbDe7loBjeVhxdEnE5rmr88SeeYlJXXi3eKRUjC6x8=","Vzm1oYBy7igCkxKbD2gfWB8bQ+Ckez05tuYXZtumJmc=","yZF5vkeJebg9ErI92n9WibMwlqjeAvdA6IhXmCMuNi0=","MbTHgAE3jR89BDl9j3p2Xe6HI2gA+kDjvecE8gDtJD0=","YPAeqPhm5e4O+9Rt6+xzVWdPhaQ/TQTZJwwLkDPzdm0=","98ds9osr2Mng+vWb/cNCBblGxMXFC0373jtbddwmyZE=","bwx5yGFU6NjQX7bAsmtqjvAiUWk+DKebixxZkn68XFw=","9Ulzph2/q/uc3qHJ3Xu7g7zlQ65IKlf64LQW9iTzBVc=","7uO4JxIEakvKqaMv/gEGWtXOqrgaP73v4M4xlrpm/Tk=","ohPNvc9b/F+nr2CTKQyJbOkMy2VqIErbv2xllYhmd+s=","kiI3aSTAyGpUejOjsHPA9uOYQ/kyQkrDjb31uCzOsQw=","V7YfMxwzaTwWvUGItCvgpHHP41kK6NyFJowz8M0KHrU=","R/XVTOqEiOQsq5UTIhUWa1tH0jAMW9P2XeSI65w2DCk=","RVDljIAl7Peu7upARQvFGADmB0zNtVjJcAtXlhdm0VI=","kSWZW7f0Xm3S372naNOWx5AedFCM0Zyaxa8EUd8B34A=","5c96dXL+ApdSLFrRcmGucDKwis1eXDy0uvq2EC6PzMA=","hoFgyQGKSumOaotONpOAO5355ANxdhbJa/K4w3Otc7M=","vm2J9nSbVKg4PfjkZoBI3InI8hELOiy7epIGqItfAew=","b2v0jCUgLHMD86WBHq2d4a5I5Nb+jjgmW4hcIcr5htU=","5rbnl1o1/yxtWJDkhphBjJt/GeCsr2nkeO52BlX7zzc=","VXvxwEFpAuLEjXmcfy9p7kjdbmm0GUeyCKVUQsBTMNY="],"block_size":4096,"path":"javascripts/libs/diigo-image-annotator.min.js"},{"block_hashes":["OPbYyPB7Apc5rm6CjrBCDMjonG1zjX9uzADWVgsnyI8=","f+jp6LqYzfDPxC1j1cFfqst0FhcNYUF9DlWMYf/FxgM="],"block_size":4096,"path":"javascripts/libs/dragresize.js"},{"block_hashes":["scZpD5V9wBTEN4oafd28fug0mbIBj3MFSzjnm7ZdOGA=","wCkH9kx5xDZlE7Z8UiDojJ9QzebOzstOK4jCWHF1Ags=","buLxpmusQq/pSZ0vBchdG4QKsgDZlDDjEuZeLabeFKA=","y+etYqlENbfB1y2ITHI4hwjwwo/Co3PKInKdYNn2FbQ=","prJvR17xEvRUkmov0xZNLbRZ4AcJJxreIwN0L5GdXig=","Q38priQrsd2fA58VoiU9aDAqu/4oKpTqVXHboyngAb0=","gVP3WMS1H41sXwGgjtp9se1Fxs0rsgALme3ZAQ/qLAI=","GlHBvR0Hnp/xeke6Gq0nEoEpHHIEQlnlYukxKj0hlDk=","f4f6LJP3LcebYNlS0Nko90I8bsqho/XcjaST3/vHLkk=","Iax7Af6bDwOejrhBZVUtzGJp8c2bpnwxXQ7d7rLE5J0=","p42mx4zUoKkFezZbNF2OX4TD6PqEepRY9TEoC1wQ+6o=","e0S2+555gU2skeL15Iv1baOyQQ7wD3G2la3Q0Ew2CYc=","Xj1USL5vTE/AKAlG8jN1vPqE6fJFji1OJqNNpdkV2Z8=","GqMaP9ByqRDF7rOx9iO9NTZZBM5MWe8J9Z5Thd4ywSU=","UCNzLBGq2W7upju917tbRJaTANUDHX6cxZZKHTAntyM=","WnUP1m//mELNt4HEfywfN79QN/XpB8syFkt/aon/HPY=","95EnlvU9y8RNjuuw0+QXxABRsrbVAL1NHXbK12VxzFw=","MbVV3+5wdZuZVNwEZgc8wASS8ltp8+ae2f7N+19Jxus=","Z+azgClhPFz4A6wPLnA8cwnzaBaNfn+k6a7e8N3xPDQ=","rmtgCJyNv04k7rq9lpS4B/tHixi7P/N7Mplu2j5R3WI=","QbhtmydBVSoC/DpGjvyUP5pBezOXaChXDQ/g5/gkhfc=","iD7ni+8V5Wog8FDJv0PV3BCqyJBGe9MkCgYL/4RsyM4=","lwwnOWS4+xDCZJZRHsilWF0sE0csdXkjtN1VGkGlDCM="],"block_size":4096,"path":"javascripts/libs/jquery-1.7.2.min.js"},{"block_hashes":["AertLhlSGZRpaKhtNBFfpT/2cmK3etG0irSO+Z4nO8s=","IuVbv4VZNrfSV3LlspwMbVVt/3zbkcwPAwMMLsLC2t4=","diHgHRmRdsOcqj+fic1igD+G7cWcHMJktvGSJlYemr0=","qDEZoOjel1b83YtYUGtMFeyDDx14GoWeKz9MiVQBN5I=","wfK+pCrt0ifnA+F3Pp8MlLzXguRLHIMmxcn1J2Kt4mU=","4P0ekQ88gnT4g6cBiwZe9mtUggSMyCTgcfYQHJoqL3s=","hk+iKLOswiOIRPtJcVxb/mEvckaoXg3sFu2uxLCHIgY=","McietN9OJlE5VwBHgK7hwlsmHui80lcoRjQ6N6DPumI=","TfD5C5Ptmduw0/XEd67ahXfGZ16INaAWYl2pCH0lSJQ=","q4QWLzT+0Lc65tj1J2pHoEjQpOueI5wFs5HAdt5B2BE=","DurGwLSB05nzGlNmq73e9S1OqghWWdY6d3qNEsIFFl4=","3F7uxpMWz1Az3r4zGfwJ1qQJgp09NnUC4ByySlq7i70=","9NpflSVAyqeiaFz4enh5bSD3h8tSm+nNI8IQgVI2Wdo=","FDu+zK7yO23Q9rf0xgtjMjL1EQHyGOxT80N3Wxuo0DM=","lMBCBofxoVTvZ2qRcXvVFhYdmCephaHoTYD0TH3L3uQ=","bUTH3peCX11k81clXBQJjDHyWOMvLtFV61D+TyxI/WI=","tP1ywGTHWOUvhAWI18gXqPi5S5AIWSFAYV0ms/PUlZM=","KA9BBH/3129pcKUmAhiUrtMY14muuU2EXjkOO3pnVbM=","hTwVXRdVfn1qrjAEQwZTpOMD7JC3bJgOCtjE3wI3MUE=","HH9Glpt6y3VY6ghi7N/TOOhDAOuWbC2ng5swU7+XbC8=","vTpaWxYPQDw7UPigSjROrFoSlR9k7j0d1ipZZ819hZ4=","RRz7N1npBToNuwNSJUv5I+x2AkrOgxfIUIcsGALxPbc=","0C4qQwfA0Q+lZ7L3pht6yXfB+Fy+h+8xIaSIYrzbs8g=","H9gFSRIDcFRF4INIt+khlsLzYB5zTdx0KVLE7ZDJm/o=","NRjSxlhIrOM1KkB/b734ZV0KkT9+GQSaEAEVXqX+Ngo=","YIcNhGM/Ns2jffh51aYbbWD3Uz3jrMqX967ZF8kpvRA=","3f9fbjL6t8t1GR7yjYrQjKjBaxyBQblYD5+vh4mH9wM=","M9ld//LZo/POoWk9oJsShSqQQ86/htKv2uRQ+sX3DbE=","l4O/8CSrIHm9EExlKkUmDeSAzHiG8YcSpiY8rycPvaA=","OtOHkxuHuX2kZLZeoYWW/BrS4B6E4IknAB5JfRDIEUk=","sqoqQkAuYcrisCrJWhIRl0ycUaE4ISRYWq/oTPcSt70=","iVMl96aeU5xwqvdafWb3OXujb0dyCFxF1WFZVmyetoY=","9aNCYVhbPVHbiLWLs3hfVkqThd7Xz40bP5+8l3deUG0=","6nlX+tu0viVpbLlJ9uqjxpWCi0/m4qIvi80hBgpRPUk=","tVKGGowlKQiEBkrWhhWOEHGEWxg4CJkrAchYEkH0MW4=","AOvDH0ig15Y+BF+xBdtBdwrsTPu/0XSqBJoeMRz/qqQ=","N4WnsSIG8L37bxQDdgyulOqr2zk4qCGCtNBP60OSqpA=","lLPXyo5qwCiGKXFMXEzlba/PpPTm+PFePko0KLXT9Lc=","O0a4HKXrqET3QUULuZ7UyreLIu7g5TZpIzcCoy8O21Q=","0n+qvEnR5fHiIb9DypoHkHfPJ0ZOjWpderHHfVIaHX4=","giLGDGQJ84MwHoHfuAl4jfDIU+EAicTaxK95AujYSJQ=","ljlEgwW/nzI4D3SZUJwQ8MZ/8XfYiEZ0Bl49HGC4/rY=","Bi6HTgwpKzQAtwJfMp6Z0haJnTF6jdHFFwrfAnofiw8=","7kJM0JVpyOOM+y6OlLSkZBJUTB5pu7Tf12raiWVMN6o=","qr+6yby0wtI40r4gTzy62OJDwTR+bUKwqzXbfidmot4=","sanJcJ2+GFT5NtgZYV0wmTG7Ar2S+9ESxw6lIcaSdGg=","+RSWmQD/znyUth4TkGhtEQRDlqG2DSvJiF7UJzCCaJc="],"block_size":4096,"path":"javascripts/libs/jquery-ui-1.8.custom.min.js"},{"block_hashes":["PkfW5Xa+4CQ3dbGzr756ihFPJENw9iHAWwD2oSS+ghk=","5tC8uY9NaJMZYVmc1zJD23lopnXliLVXRj9GJwwkpiY=","FSSwN5OiYmQjHP6Y6w3dRC5Zvm1tOcrQoyaMTPZkbjs=","VxbVVROurHI1wD9vX6+0KfeYpKuWZaWnIfmQbrcZt4g=","a94yPRaxwUCVqYBYloERfPLdtGYhpszuWbz/yUmv7Q4="],"block_size":4096,"path":"javascripts/libs/jquery.ui.resizable.min.js"},{"block_hashes":["cKKOPqimD6NZIxvNqVYeEmTyLyn5SfcRFxsHyQig23E=","No6LhV578j6AzC1jQVVp7bpsZkm5OolL7kP2xstTI38="],"block_size":4096,"path":"javascripts/libs/md5.js"},{"block_hashes":["18vCvSFZpaSxW9Y5l2WoJWz1gec07KVYzAXFT96Nwj8=","b38g2nIDdl8S2acm4az2FxJsZQ3PuXTmW5R36Nxh8CY=","uIrSJn4Rt3A0iGaAQr+uSbK5ktheg45KM5Bf83AHwRE="],"block_size":4096,"path":"javascripts/libs/swfobject.js"},{"block_hashes":["w5L9lZk11H8cSQ04UeU2sP2XCwEzTeRaEeXsijnWTR0=","Z8tr3whbrQ7c57MVZD52xM1BeCYQk3tVe1bzFMjXyVQ=","4NtiI+/CRs8SrmXMqxswUbLC3nH5uOxwTOzsQ2i2580=","Pj/9Nh2/MjOs9VEwBaUwg6tqW0fZo3X1AemyCojHQrQ="],"block_size":4096,"path":"javascripts/libs/webfontloader.js"},{"block_hashes":["PHs2oCMH3W8XA/GXTfMUTVTi7yfMvSfls3EiRdWyplM="],"block_size":4096,"path":"javascripts/options.js"},{"block_hashes":["4QMBDzj5WbyxHwXknQeLZanbQUklxl3lYLA/w0hsxaw=","6ZN7yPwK5QDLyIPnVuWZKiqu/zOiJArTl0FwdP6FLOk="],"block_size":4096,"path":"javascripts/popup.js"},{"block_hashes":["fy2IV974eHwpysnV/3ioCXHolVa7mCuxoT9KewqcNGk="],"block_size":4096,"path":"javascripts/purchase.js"},{"block_hashes":["IFmeVgAR6EME0pJ4qR9cCUKt73RFF54VnA/YytxycGU="],"block_size":4096,"path":"javascripts/save-content.js"},{"block_hashes":["G2D05PSoTraVCyvskaGMAdlJUZea3mJzG/Rhye9uHhw="],"block_size":4096,"path":"javascripts/twitter.js"},{"block_hashes":["C84OM6IBhX8IWaDalwnyO8wc3aiuXf4Op4xSUZT+dxs="],"block_size":4096,"path":"javascripts/upload.js"},{"block_hashes":["PxilfYIQa2DaTTBtSoAkAWEOl+pwgO3Dv3NmPfoZZbU="],"block_size":4096,"path":"javascripts/xml2json.js"},{"block_hashes":["b+fbN/ThghnzYfr0nQtcZLdmWXBpt1nw04hy8Zhh8xY="],"block_size":4096,"path":"media/CreateSaveWindow.swf"},{"block_hashes":["p0LA/J/je23LIovynrNwVO6d63oAzKr7t11VbBPUb1I="],"block_size":4096,"path":"oauth2/adapters/bitly.js"},{"block_hashes":["8+G0FeY/OZyNJfX/1qH7OPIFoe//Mv/6QihyBB0dZ10="],"block_size":4096,"path":"oauth2/adapters/facebook.js"},{"block_hashes":["O5nzAwO79/N3m9Sh8/CAiIoSxJgO1RkLHBsdQ5nuX/k="],"block_size":4096,"path":"oauth2/adapters/github.js"},{"block_hashes":["ZE8QNCa8+0TaPgrDuP9DPOtS8Cbvlyt7IMK6PTF/Cd8="],"block_size":4096,"path":"oauth2/adapters/google.js"},{"block_hashes":["4Lfs8C08VAgg140017ylermKsAhFz7hG7XfslRW6VXc="],"block_size":4096,"path":"oauth2/oauth2.html"},{"block_hashes":["dPpSlnI0hbafh+ZjPwPNG7Q1h4MwT1U5mNGaW9cW/D0=","Wy0c1kuB+2lDna1M1+U32R16vejNU7+u69XzDImWh4A=","1LgicjKK4XvvCLum9LDTM1l+10gxNFaL1mLqgkYotEU=","dWHEBclFkOg24Hh0SU8HEeZv74+ZtpLTtUU+U3NvJrM=","uCCabvqsftez6JlRJKrojefxOn7ogbfy/8pOaSiK+Rk="],"block_size":4096,"path":"oauth2/oauth2.js"},{"block_hashes":["oM0jBPgPGwBEhf+WeDzNFnu38gij5JOjnvXce5nDTg8="],"block_size":4096,"path":"oauth2/oauth2_finish.js"},{"block_hashes":["4tn08zNv+mCD04v3snEWSIqkoHviZX/7PTGO29lG/oc="],"block_size":4096,"path":"oauth2/oauth2_inject.js"},{"block_hashes":["dXjy/0N+R9o7n84DQ5S/Yj6fgh1YrepdePVU1phbE2M="],"block_size":4096,"path":"options.html"},{"block_hashes":["IpD94ezr/Vsnio0V5izJ5OZxo20OzvLJYzGZokopsSE="],"block_size":4096,"path":"popup.html"},{"block_hashes":["GUnNilfdWgbK1brIUg1CmqJyg2T7mYsE33JZJDULpCI="],"block_size":4096,"path":"purchase.html"},{"block_hashes":["fral4Ck9sex8D1YhePMuYIK6xo7yaor6r33MHjCP1OM="],"block_size":4096,"path":"stylesheets/ads.css"},{"block_hashes":["EaoscaxOGS9NX6bcjQQBpoCOpmACAEl18WXrpgMrvLc="],"block_size":4096,"path":"stylesheets/ads_cpn.css"},{"block_hashes":["Es1ozxFXo3dj4WlLMWqdxbXbRHR2DrVRSLKpzGC9J5g=","4ocRleuSQBJY5fRAU/E3aEqD+ISA1eEZ1me+YvNXKNg=","ciiHIpmc1JnAxz1gKe/HvESPg+jYV/S5kFzW6bZ+8hQ=","5S0zm9Un4xTyAh2UneAXvTnQf4JxQ7nXT73Wud5pp7g=","ZiMsbry3liLHNYozEdcJ2DTsiuFv4TLZbr54EmTTi/s="],"block_size":4096,"path":"stylesheets/editor.css"},{"block_hashes":["Rw2b2xeVQfqZQ7x40A9eM0UQ04Z0M8l1Fr5w4rDiO4I="],"block_size":4096,"path":"stylesheets/font.css"},{"block_hashes":["Anzp1khwNvypoTAJXv6Ekby8qHo40zHNyxZ/g1dHgoc="],"block_size":4096,"path":"stylesheets/help.css"},{"block_hashes":["XGrtigv/a5hX9pQGmw+TbsCuiQybXn9hXtl0kPwtlsI=","iW+nrRSUYuTDK7FXjSi23W3V0DR7F3OKWYcPRr/uE8w=","YnDW97jIAiY+ZkE4rueIdRu/pIIC/fYvs46pk+lfkBQ=","bNS1btgNi0nky7h8dc4a1L8GhrvzoL90Nz1UdsTJHLw=","NfUsl+ovvcPGjBk+CtGiDksGhmi+dCEt7sJmbRVA4rk=","sxHCzq+xXYvsOZpVSrWhWQOWjFu1ogUO1/esm6JYQyU=","eqo7ccz0xRt+yjV87ekuRsGe2On6BOVFj/KTo5WsO7c=","gWdFaS3aJs/aR+Bf9V/q3vcNF4HijlIAKfCxdGIV9nY=","aYlezCKkAxUTOWsNFpsk+v0H/IGgHr1UTDBd8ZwUxa8=","CuK5fY0qzGO5fDWqcYLDPPUyQ3vATdya24EbPAo9rbY=","RQUh9nwcmTBqldm5JBWSxf5oAX19PgZ7mDeQpEl30lY=","MuNynrrLLZChJHouqXd6GX12vjv7V+K3s87gW1ZcVYQ=","1eDwQAKvFpHDphCp2WlntQGzdW/8WiDM98WxJigqQ+s="],"block_size":4096,"path":"stylesheets/main.css"},{"block_hashes":["sQmfk823nq+Y/rbfrJ3qxqKYJ1xfYQu3aqPB6Q5Rqk4=","a9KVBikwbdZ3eGyzMmuY2xEP/mjWnM5ZWi+Za55CmWc="],"block_size":4096,"path":"stylesheets/options.css"},{"block_hashes":["waU6gL9nT08y+194NppKX7slQShbi2//kQK62x1zdk8=","0KY9ox4Y4IR4MB+Tro7M8KFFAS5zLWEVmT24loDiUVk="],"block_size":4096,"path":"stylesheets/popup.css"},{"block_hashes":["47DEQpj8HBSa+/TImW+5JCeuQeRkm5NMpJWZG3hSuFU="],"block_size":4096,"path":"stylesheets/print.css"},{"block_hashes":["0CyH/jz9bhcGoyIcuMYliM8hKJ0Dteq2rP0akg7accs=","wJ+OfrAhMTKyqJdbtOICgTa6Ch/8JrNQ2EdROd4L/vY=","dGeCFhVaKYhRXB7eN7WnEIXkfWxdBjtbxUKqHA3mwcY="],"block_size":4096,"path":"stylesheets/selected.css"},{"block_hashes":["CZMf4sUnOuXmUKjzHb0pbC7apt47lxogAJD9LD2Fm5g="],"block_size":4096,"path":"stylesheets/upload.css"},{"block_hashes":["zXGs6gHSNZmZywd990+4CpLxfNgPGs20PMcwRLEx8CE="],"block_size":4096,"path":"upload.html"}],"version":2}